{"cameraMode":{"drawMode":0,"name":"Shaded","section":"Shading Mode"},"sceneLighting":true,"audioPlay":false,"sceneViewState":{"showFog":true,"showMaterialUpdate":false,"showSkybox":true,"showFlares":true,"showImageEffects":true,"showParticleSystems":true},"in2DMode":false,"pivot":{"x":144.66078186035157,"y":33.641693115234378,"z":167.85488891601563},"rotation":{"x":0.02493307739496231,"y":0.8869253396987915,"z":-0.45871415734291079,"w":0.048208363354206088},"size":146.66168212890626,"orthographic":false}