{"cameraMode":{"drawMode":0,"name":"Shaded","section":"Shading Mode"},"sceneLighting":false,"audioPlay":false,"sceneViewState":{"showFog":false,"showMaterialUpdate":false,"showSkybox":false,"showFlares":false,"showImageEffects":false,"showParticleSystems":false},"in2DMode":false,"pivot":{"x":-0.8753871917724609,"y":2.180000066757202,"z":-4.449999809265137},"rotation":{"x":-0.2661041021347046,"y":0.04941832274198532,"z":-0.013677986338734627,"w":-0.9625933170318604},"size":6.866855621337891,"orthographic":false}