{"cameraMode":{"drawMode":0,"name":"Shaded","section":"Shading Mode"},"sceneLighting":true,"audioPlay":false,"sceneViewState":{"showFog":false,"showMaterialUpdate":false,"showSkybox":false,"showFlares":false,"showImageEffects":false,"showParticleSystems":false},"in2DMode":false,"pivot":{"x":4.89688777923584,"y":19.171459197998048,"z":6.2751054763793949},"rotation":{"x":0.1457262486219406,"y":-0.04717477038502693,"z":0.006958385463804007,"w":0.9882051348686218},"size":28.284271240234376,"orthographic":false}