{"cameraMode":{"drawMode":0,"name":"Shaded","section":"Shading Mode"},"sceneLighting":false,"audioPlay":false,"sceneViewState":{"showFog":false,"showMaterialUpdate":false,"showSkybox":false,"showFlares":false,"showImageEffects":false,"showParticleSystems":false},"in2DMode":false,"pivot":{"x":2.224313497543335,"y":6.708900451660156,"z":-8.81523323059082},"rotation":{"x":0.011399660259485245,"y":-0.9390232563018799,"z":0.34223824739456179,"w":0.03127739578485489},"size":2.585214138031006,"orthographic":false}