{"cameraMode":{"drawMode":0,"name":"Shaded","section":"Shading Mode"},"sceneLighting":true,"audioPlay":false,"sceneViewState":{"showFog":true,"showMaterialUpdate":false,"showSkybox":false,"showFlares":true,"showImageEffects":true,"showParticleSystems":true},"in2DMode":false,"pivot":{"x":7.220373630523682,"y":5.119972229003906,"z":53.751060485839847},"rotation":{"x":-0.2929442822933197,"y":-0.005452574230730534,"z":0.0016709270421415568,"w":-0.9561139941215515},"size":97.56900787353516,"orthographic":false}