{"cameraMode":{"drawMode":0,"name":"Shaded","section":"Shading Mode"},"sceneLighting":true,"audioPlay":false,"sceneViewState":{"showFog":true,"showMaterialUpdate":false,"showSkybox":false,"showFlares":true,"showImageEffects":true,"showParticleSystems":true},"in2DMode":false,"pivot":{"x":6.034692764282227,"y":5.101551055908203,"z":3.8364715576171877},"rotation":{"x":-0.2378348857164383,"y":-0.6063337326049805,"z":0.1967756450176239,"w":-0.732853353023529},"size":21.625085830688478,"orthographic":false}