{"cameraMode":{"drawMode":0,"name":"Shaded","section":"Shading Mode"},"sceneLighting":false,"audioPlay":false,"sceneViewState":{"showFog":true,"showMaterialUpdate":false,"showSkybox":false,"showFlares":true,"showImageEffects":true,"showParticleSystems":true},"in2DMode":false,"pivot":{"x":-3.4149885177612306,"y":0.039999961853027347,"z":-3.1118826866149904},"rotation":{"x":0.05259072408080101,"y":0.791404664516449,"z":0.06877989321947098,"w":-0.6051322817802429},"size":1.5588464736938477,"orthographic":false}