{"cameraMode":{"drawMode":0,"name":"Shaded","section":"Shading Mode"},"sceneLighting":true,"audioPlay":false,"sceneViewState":{"showFog":true,"showMaterialUpdate":false,"showSkybox":false,"showFlares":true,"showImageEffects":true,"showParticleSystems":true},"in2DMode":false,"pivot":{"x":-14.264761924743653,"y":-9.447749137878418,"z":-65.04269409179688},"rotation":{"x":-0.017510486766695977,"y":0.9790905117988586,"z":-0.17847773432731629,"w":-0.09606033563613892},"size":63.61496353149414,"orthographic":false}