{"cameraMode":{"drawMode":0,"name":"Shaded","section":"Shading Mode"},"sceneLighting":true,"audioPlay":false,"sceneViewState":{"showFog":true,"showMaterialUpdate":false,"showSkybox":false,"showFlares":true,"showImageEffects":true,"showParticleSystems":true},"in2DMode":false,"pivot":{"x":27.546173095703126,"y":14.446757316589356,"z":3.100546360015869},"rotation":{"x":0.2344454526901245,"y":0.0524650476872921,"z":-0.012672376818954945,"w":0.9706303477287293},"size":14.328960418701172,"orthographic":false}